id,first_name,last_name,email,gender
1,Alvan,Lidgerton,alidgerton0@google.ru,Genderqueer
2,Ashely,Drews,adrews1@indiatimes.com,Female
3,Jerome,Mattam,jmattam2@unesco.org,Male
4,Madalyn,Abade,mabade3@google.it,Female
5,Tadeas,Sedworth,tsedworth4@reference.com,Male
6,Arvie,Hambers,ahambers5@nifty.com,Genderqueer
7,Selma,Stranger,sstranger6@ovh.net,Female
8,Trixy,Wines,twines7@feedburner.com,Female
9,Rudiger,Cron,rcron8@house.gov,Male
10,Willie,MacSherry,wmacsherry9@pinterest.com,Male
11,Richmound,Finby,rfinbya@google.ca,Male
12,Windham,Stribling,wstriblingb@flickr.com,Male
13,Estel,Naisbit,enaisbitc@weibo.com,Female
14,George,Fridlington,gfridlingtond@biblegateway.com,Male
15,Charil,Haward,chawarde@flickr.com,Female
16,Trumann,Gutowski,tgutowskif@scientificamerican.com,Male
17,Coleman,Castagno,ccastagnog@alexa.com,Male
18,Romeo,Scotsbrook,rscotsbrookh@hatena.ne.jp,Male
19,Maryrose,Haughian,mhaughiani@google.ca,Female
20,Kass,Sperski,ksperskij@goo.gl,Female
21,Alysa,Swadden,aswaddenk@unc.edu,Female
22,Donnie,Brightey,dbrighteyl@phpbb.com,Male
23,Virgilio,Hacking,vhackingm@admin.ch,Male
24,Darrin,Dashper,ddashpern@unesco.org,Male
25,Lemar,Pittson,lpittsono@nps.gov,Male
26,Teador,Tozer,ttozerp@samsung.com,Male
27,Westley,Westoll,wwestollq@google.pl,Male
28,Olympe,Tirrey,otirreyr@list-manage.com,Female
29,Ruttger,Hayzer,rhayzers@weather.com,Male
30,Kirby,Kippins,kkippinst@indiatimes.com,Male
31,Consalve,Stovold,cstovoldu@disqus.com,Male
32,Morissa,Sainsbury-Brown,msainsburybrownv@sina.com.cn,Genderqueer
33,Jessi,Litster,jlitsterw@netscape.com,Female
34,Keith,Duthy,kduthyx@china.com.cn,Male
35,Swen,O' Mahony,somahonyy@arstechnica.com,Male
36,Doy,Eldrid,deldridz@macromedia.com,Male
37,Gerhardt,Caulder,gcaulder10@noaa.gov,Bigender
38,Renata,MacLure,rmaclure11@freewebs.com,Female
39,Merle,Bossom,mbossom12@people.com.cn,Male
40,Tybie,Frondt,tfrondt13@webmd.com,Bigender
41,Darsie,Goslin,dgoslin14@wsj.com,Female
42,Osbert,Elsmore,oelsmore15@joomla.org,Male
43,June,Magill,jmagill16@quantcast.com,Female
44,Keefe,Fiddyment,kfiddyment17@apache.org,Male
45,Taffy,Denge,tdenge18@moonfruit.com,Female
46,Rubin,Reeman,rreeman19@spiegel.de,Male
47,Phip,Erat,perat1a@studiopress.com,Male
48,Janek,Jakolevitch,jjakolevitch1b@slashdot.org,Male
49,Willette,Keddie,wkeddie1c@reddit.com,Female
50,Josselyn,Gornall,jgornall1d@ibm.com,Female
51,Nicolas,Wimpey,nwimpey1e@nifty.com,Male
52,Cammy,Coonihan,ccoonihan1f@hibu.com,Female
53,Sonny,Coggen,scoggen1g@bizjournals.com,Bigender
54,Padgett,Jiracek,pjiracek1h@dailymail.co.uk,Male
55,Dorella,Fairhead,dfairhead1i@discuz.net,Female
56,Alwin,Yakovlev,ayakovlev1j@google.co.jp,Male
57,Jeremias,Follit,jfollit1k@nydailynews.com,Male
58,Clovis,Gasparro,cgasparro1l@samsung.com,Female
59,Keefer,Ferney,kferney1m@vk.com,Male
60,Florette,Peplaw,fpeplaw1n@skype.com,Female
61,Kelby,Lamprey,klamprey1o@adobe.com,Male
62,Bartolemo,Follen,bfollen1p@washingtonpost.com,Male
63,Max,Union,munion1q@google.nl,Male
64,Corney,Mowday,cmowday1r@telegraph.co.uk,Male
65,Loree,McLurg,lmclurg1s@mediafire.com,Female
66,Frazer,Sorrel,fsorrel1t@mlb.com,Male
67,Stearn,Goodyear,sgoodyear1u@sciencedirect.com,Male
68,Merry,Holdworth,mholdworth1v@cam.ac.uk,Female
69,Ansel,Thal,athal1w@bizjournals.com,Male
70,Connie,Rabjohns,crabjohns1x@youtu.be,Male
71,Burgess,Scudamore,bscudamore1y@cnn.com,Male
72,Gabby,Foale,gfoale1z@abc.net.au,Male
73,Vivianna,Birds,vbirds20@ezinearticles.com,Genderqueer
74,Thaddus,Jodlowski,tjodlowski21@sbwire.com,Male
75,Uri,Haville,uhaville22@shareasale.com,Male
76,Jasmine,Pumfrey,jpumfrey23@ustream.tv,Genderfluid
77,Sherilyn,Woolager,swoolager24@google.de,Female
78,Burl,Ridel,bridel25@lulu.com,Non-binary
79,Ernest,MacKill,emackill26@digg.com,Bigender
80,Vernice,Ccomini,vccomini27@google.com,Female
81,Kelwin,Spowage,kspowage28@scientificamerican.com,Male
82,Sigrid,Phalp,sphalp29@nhs.uk,Female
83,Melosa,Delacote,mdelacote2a@house.gov,Female
84,Lanie,Pearson,lpearson2b@netvibes.com,Female
85,Alisa,Sare,asare2c@buzzfeed.com,Female
86,Lizette,Burgwin,lburgwin2d@dropbox.com,Female
87,Rafaela,Tethcote,rtethcote2e@furl.net,Female
88,Cordey,Wardel,cwardel2f@mysql.com,Female
89,Jermaine,Coolbear,jcoolbear2g@behance.net,Female
90,Sacha,Petrolli,spetrolli2h@cocolog-nifty.com,Female
91,Ike,O'Crigan,iocrigan2i@wix.com,Male
92,Kennan,MacManus,kmacmanus2j@wordpress.com,Male
93,Gussi,Triplow,gtriplow2k@time.com,Female
94,Mathias,Iozefovich,miozefovich2l@mac.com,Male
95,Taite,Shepherd,tshepherd2m@samsung.com,Male
96,Venita,Haggarth,vhaggarth2n@xrea.com,Non-binary
97,Carmelina,Cottage,ccottage2o@meetup.com,Female
98,Davis,Knibb,dknibb2p@msn.com,Non-binary
99,Rupert,Bramsen,rbramsen2q@shop-pro.jp,Male
100,Tulley,Goulthorp,tgoulthorp2r@vistaprint.com,Male
101,Zorana,Crose,zcrose2s@japanpost.jp,Female
102,Lindsay,Fumagalli,lfumagalli2t@stumbleupon.com,Male
103,Teador,Konmann,tkonmann2u@mtv.com,Male
104,Yovonnda,Carr,ycarr2v@paginegialle.it,Female
105,Ariel,Becken,abecken2w@nhs.uk,Male
106,Munroe,Pittford,mpittford2x@loc.gov,Male
107,Saree,Brisse,sbrisse2y@themeforest.net,Female
108,Israel,Harrington,iharrington2z@economist.com,Male
109,Lydie,MacAlister,lmacalister30@livejournal.com,Female
110,Gratiana,Dory,gdory31@free.fr,Female
111,Boot,Andreoletti,bandreoletti32@scribd.com,Male
112,Kaiser,Ordidge,kordidge33@wiley.com,Male
113,Mateo,Reaman,mreaman34@instagram.com,Male
114,Kaylee,Kearsley,kkearsley35@yolasite.com,Female
115,Eugenio,M'Chirrie,emchirrie36@pen.io,Genderqueer
116,Eugenio,Garriock,egarriock37@sun.com,Male
117,Jacquelynn,Zumbusch,jzumbusch38@51.la,Female
118,Heriberto,Domerc,hdomerc39@cornell.edu,Male
119,Thorvald,Dunkerley,tdunkerley3a@cbslocal.com,Polygender
120,Judye,Rickersy,jrickersy3b@marketwatch.com,Female
121,Maury,Geer,mgeer3c@sciencedirect.com,Male
122,Brion,Dinjes,bdinjes3d@arizona.edu,Male
123,Gennifer,Dooney,gdooney3e@prweb.com,Polygender
124,Olympe,Phillpot,ophillpot3f@moonfruit.com,Female
125,Morty,Kornalik,mkornalik3g@theatlantic.com,Male
126,Amelina,Knowlys,aknowlys3h@hao123.com,Female
127,Josh,Vale,jvale3i@cdc.gov,Non-binary
128,Rhodia,Eliyahu,reliyahu3j@discovery.com,Female
129,Caesar,Onion,conion3k@chron.com,Male
130,Eugene,Jeacocke,ejeacocke3l@nytimes.com,Male
131,Haze,Sweet,hsweet3m@joomla.org,Male
132,Conny,Sycamore,csycamore3n@google.it,Male
133,Tansy,Kincla,tkincla3o@ameblo.jp,Female
134,Abbot,Beals,abeals3p@hhs.gov,Male
135,Ferris,Way,fway3q@cmu.edu,Male
136,Chan,O'Boyle,coboyle3r@vimeo.com,Male
137,Nigel,Maly,nmaly3s@businessinsider.com,Male
138,Jone,Etheredge,jetheredge3t@networkadvertising.org,Male
139,Benedetta,Richly,brichly3u@imdb.com,Female
140,Barbra,McNern,bmcnern3v@noaa.gov,Non-binary
141,Nate,Patel,npatel3w@qq.com,Male
142,Rupert,Hellicar,rhellicar3x@army.mil,Male
143,Gladys,Pickerill,gpickerill3y@walmart.com,Female
144,Cris,Linggood,clinggood3z@sitemeter.com,Genderqueer
145,Ashley,Rays,arays40@discuz.net,Male
146,Gonzalo,Pither,gpither41@furl.net,Male
147,Rogers,Diggle,rdiggle42@businesswire.com,Male
148,Angelo,Pratten,apratten43@yale.edu,Male
149,Cortney,Wenzel,cwenzel44@live.com,Female
150,Rurik,Skipsea,rskipsea45@histats.com,Male
151,Celle,Playfoot,cplayfoot46@fda.gov,Genderqueer
152,Silas,Benjafield,sbenjafield47@gravatar.com,Male
153,Ellissa,Von Helmholtz,evonhelmholtz48@epa.gov,Non-binary
154,Emmery,Franc,efranc49@ted.com,Male
155,Leanor,Innes,linnes4a@list-manage.com,Female
156,Derrik,Kwiek,dkwiek4b@dell.com,Male
157,Burty,Dofty,bdofty4c@edublogs.org,Male
158,Bamby,Rearden,brearden4d@drupal.org,Female
159,Pammie,Dupree,pdupree4e@slate.com,Female
160,Maggie,Sibbson,msibbson4f@springer.com,Female
161,Idelle,Pridding,ipridding4g@webeden.co.uk,Female
162,Duke,Hand,dhand4h@cisco.com,Male
163,Carine,Immer,cimmer4i@smh.com.au,Female
164,Courtney,Thumnel,cthumnel4j@samsung.com,Female
165,Brock,Batman,bbatman4k@qq.com,Male
166,Arvin,Roo,aroo4l@sbwire.com,Male
167,Anstice,Stair,astair4m@artisteer.com,Female
168,Anatola,Iannitti,aiannitti4n@wix.com,Female
169,Syd,Jaqueme,sjaqueme4o@dion.ne.jp,Male
170,Rainer,McCarrell,rmccarrell4p@earthlink.net,Genderqueer
171,Evvy,Rodliff,erodliff4q@netscape.com,Female
172,Horton,Furniss,hfurniss4r@merriam-webster.com,Male
173,Celene,Steffan,csteffan4s@redcross.org,Female
174,Say,Croall,scroall4t@eepurl.com,Male
175,Daven,McIlvenna,dmcilvenna4u@seesaa.net,Male
176,Bastian,Doak,bdoak4v@yahoo.com,Genderfluid
177,Adolf,Standbrooke,astandbrooke4w@amazonaws.com,Male
178,Kalvin,MacKill,kmackill4x@bizjournals.com,Male
179,Shelley,Grissett,sgrissett4y@so-net.ne.jp,Female
180,West,Tigwell,wtigwell4z@tuttocitta.it,Male
181,Erl,Douthwaite,edouthwaite50@reuters.com,Male
182,Cathy,Goodbanne,cgoodbanne51@smh.com.au,Female
183,Gaspard,Klosa,gklosa52@buzzfeed.com,Male
184,Mark,Bigglestone,mbigglestone53@usgs.gov,Male
185,Marion,De Dantesie,mdedantesie54@weibo.com,Female
186,Gilly,Caillou,gcaillou55@kickstarter.com,Genderfluid
187,Fredi,Thistleton,fthistleton56@ftc.gov,Female
188,Maighdiln,Wooldridge,mwooldridge57@sohu.com,Female
189,Wendye,Mace,wmace58@jigsy.com,Female
190,Dawn,Hannaby,dhannaby59@yandex.ru,Female
191,Byram,Kinze,bkinze5a@goo.ne.jp,Male
192,Westley,McTerry,wmcterry5b@oakley.com,Male
193,Ruby,Meni,rmeni5c@answers.com,Female
194,Ashil,Whittam,awhittam5d@prlog.org,Female
195,Antonio,Vasyutichev,avasyutichev5e@engadget.com,Male
196,Andrea,Werrett,awerrett5f@ask.com,Male
197,Ozzy,Bleby,obleby5g@last.fm,Male
198,Inigo,Slay,islay5h@blog.com,Male
199,Ardella,Fewell,afewell5i@cafepress.com,Female
200,Ailina,Divall,adivall5j@guardian.co.uk,Female
201,Hadrian,Batkin,hbatkin5k@buzzfeed.com,Male
202,Frazer,Ollander,follander5l@google.de,Male
203,Paddy,Facchini,pfacchini5m@apache.org,Male
204,Joanne,Quenell,jquenell5n@trellian.com,Female
205,Demetris,Rigate,drigate5o@imgur.com,Male
206,Dana,Skittle,dskittle5p@ca.gov,Male
207,Gertie,Rivenzon,grivenzon5q@jalbum.net,Female
208,Ralph,Ledson,rledson5r@themeforest.net,Male
209,Susanetta,Sutcliffe,ssutcliffe5s@simplemachines.org,Female
210,Octavius,Dobbs,odobbs5t@discovery.com,Male
211,Taddeusz,Isacoff,tisacoff5u@surveymonkey.com,Male
212,Doe,Bison,dbison5v@zimbio.com,Female
213,Henrie,Breffit,hbreffit5w@gnu.org,Female
214,Lucita,Bartolic,lbartolic5x@dmoz.org,Female
215,Edna,Volke,evolke5y@cam.ac.uk,Female
216,Meryl,Bewick,mbewick5z@github.io,Male
217,Celka,Chapellow,cchapellow60@irs.gov,Female
218,Danyelle,Segge,dsegge61@gnu.org,Female
219,Christophorus,Whiff,cwhiff62@istockphoto.com,Male
220,Maxim,Celand,mceland63@mapy.cz,Male
221,Yanaton,Kencott,ykencott64@bbc.co.uk,Male
222,Clarine,Yaakov,cyaakov65@instagram.com,Female
223,Susy,Naptin,snaptin66@tinypic.com,Female
224,Felic,Basindale,fbasindale67@google.com.au,Male
225,Munmro,Blackford,mblackford68@usnews.com,Male
226,Arlen,Buswell,abuswell69@jiathis.com,Female
227,Armand,Maiden,amaiden6a@topsy.com,Genderfluid
228,Tadd,Silverthorne,tsilverthorne6b@earthlink.net,Male
229,Dinny,Enrico,denrico6c@artisteer.com,Female
230,Marybeth,McLelland,mmclelland6d@eventbrite.com,Female
231,Kelvin,Gyde,kgyde6e@ow.ly,Male
232,Mycah,Cottle,mcottle6f@hp.com,Male
233,Malynda,Shewring,mshewring6g@slate.com,Female
234,Arlette,Gladwin,agladwin6h@ehow.com,Genderqueer
235,Orsola,Buscombe,obuscombe6i@webnode.com,Female
236,Arabele,Belden,abelden6j@sitemeter.com,Female
237,Gussie,Cawte,gcawte6k@yolasite.com,Female
238,Gizela,Dohms,gdohms6l@ycombinator.com,Female
239,Winne,Mattiussi,wmattiussi6m@dion.ne.jp,Female
240,Layne,Tassell,ltassell6n@blog.com,Female
241,Tanitansy,Duckhouse,tduckhouse6o@imgur.com,Female
242,Carey,Brine,cbrine6p@amazon.co.jp,Male
243,Jamie,Anthonies,janthonies6q@webs.com,Male
244,Raffarty,Escofier,rescofier6r@pbs.org,Agender
245,Gerty,Meeny,gmeeny6s@github.io,Female
246,Clarance,Ganforthe,cganforthe6t@bigcartel.com,Male
247,Flin,Battle,fbattle6u@biblegateway.com,Male
248,Cyndie,Rew,crew6v@oaic.gov.au,Genderfluid
249,Nerta,Ivan,nivan6w@guardian.co.uk,Agender
250,Corri,McAuley,cmcauley6x@hugedomains.com,Female
251,Rosabella,Golson,rgolson6y@google.com,Female
252,Fanni,Cranmor,fcranmor6z@latimes.com,Female
253,Arne,Spicer,aspicer70@meetup.com,Polygender
254,Bud,Miskin,bmiskin71@wiley.com,Male
255,Vance,Arne,varne72@webs.com,Male
256,Kleon,Woollam,kwoollam73@disqus.com,Male
257,Jozef,Penreth,jpenreth74@bravesites.com,Male
258,Wendeline,Eplate,weplate75@phpbb.com,Female
259,Ursulina,Lammerts,ulammerts76@bluehost.com,Female
260,Ruy,Kirke,rkirke77@mashable.com,Male
261,Mattie,Cobello,mcobello78@list-manage.com,Female
262,Brannon,Morson,bmorson79@about.me,Male
263,Benton,Jaycox,bjaycox7a@miitbeian.gov.cn,Male
264,Lew,Moakson,lmoakson7b@mac.com,Male
265,Syman,Leathlay,sleathlay7c@flavors.me,Male
266,Jarrid,Renzo,jrenzo7d@engadget.com,Male
267,Lind,Danet,ldanet7e@sourceforge.net,Male
268,Laina,Blazic,lblazic7f@statcounter.com,Female
269,Ann-marie,Haysham,ahaysham7g@amazon.de,Female
270,Ursa,Hampson,uhampson7h@baidu.com,Female
271,Elbert,Clemanceau,eclemanceau7i@webnode.com,Male
272,Laura,Latehouse,llatehouse7j@hexun.com,Female
273,Arthur,Wermerling,awermerling7k@51.la,Male
274,Tricia,Howkins,thowkins7l@flickr.com,Genderqueer
275,Bernarr,O'Hearn,bohearn7m@sina.com.cn,Male
276,Alisun,Klehyn,aklehyn7n@canalblog.com,Genderqueer
277,Peyton,Hellikes,phellikes7o@nih.gov,Male
278,Damiano,Lazenbury,dlazenbury7p@google.ca,Male
279,Meridith,Faulkener,mfaulkener7q@google.co.jp,Female
280,Durand,Platt,dplatt7r@nature.com,Male
281,Theda,Buckoke,tbuckoke7s@europa.eu,Female
282,Albert,Seggie,aseggie7t@creativecommons.org,Male
283,Suzy,Skeech,sskeech7u@elpais.com,Female
284,Annmaria,Biskup,abiskup7v@google.ca,Polygender
285,Maia,Brunt,mbrunt7w@home.pl,Female
286,Willie,Wabersich,wwabersich7x@canalblog.com,Agender
287,Leslie,Louth,llouth7y@altervista.org,Female
288,Eveleen,Mercey,emercey7z@hostgator.com,Female
289,Kendell,Judgkins,kjudgkins80@booking.com,Male
290,Anabal,Blackwood,ablackwood81@ted.com,Female
291,Margaux,Romand,mromand82@mapy.cz,Female
292,Hamil,Epsley,hepsley83@nationalgeographic.com,Male
293,Cassi,Hawtin,chawtin84@bluehost.com,Female
294,Byram,Aristide,baristide85@salon.com,Male
295,Beauregard,Mathewson,bmathewson86@weebly.com,Male
296,Darsie,Houston,dhouston87@msu.edu,Female
297,Wye,Fane,wfane88@army.mil,Bigender
298,Chicky,Grenshields,cgrenshields89@ucla.edu,Male
299,Kennith,O'Dooghaine,kodooghaine8a@meetup.com,Male
300,Marci,Sydenham,msydenham8b@mayoclinic.com,Female
301,Barbie,Ghioni,bghioni8c@google.cn,Female
302,Shannan,Frondt,sfrondt8d@liveinternet.ru,Male
303,Berri,Johnes,bjohnes8e@networkadvertising.org,Female
304,Edy,Edgeon,eedgeon8f@wordpress.com,Female
305,Osbourne,Upshall,oupshall8g@craigslist.org,Male
306,Sheila,Denzey,sdenzey8h@ow.ly,Female
307,Marietta,Madrell,mmadrell8i@t-online.de,Female
308,Wallis,Katz,wkatz8j@clickbank.net,Male
309,Raffarty,Keld,rkeld8k@a8.net,Male
310,Bendick,Sherwood,bsherwood8l@timesonline.co.uk,Male
311,Mohandas,Redhouse,mredhouse8m@hexun.com,Male
312,Gabriell,Gorrick,ggorrick8n@cocolog-nifty.com,Female
313,Pace,Chastaing,pchastaing8o@telegraph.co.uk,Male
314,Jacinthe,Dudmarsh,jdudmarsh8p@cdc.gov,Female
315,Elijah,Leahy,eleahy8q@hexun.com,Male
316,Cordy,Dishmon,cdishmon8r@sourceforge.net,Male
317,Matthiew,Jesty,mjesty8s@rakuten.co.jp,Male
318,Giselle,Cuttle,gcuttle8t@utexas.edu,Female
319,Chloette,O'Crotty,cocrotty8u@tripod.com,Female
320,Lory,Seth,lseth8v@cpanel.net,Female
321,Griswold,Asquez,gasquez8w@list-manage.com,Male
322,Scott,Findley,sfindley8x@canalblog.com,Male
323,Nap,Ruecastle,nruecastle8y@opensource.org,Male
324,Thom,Summerlie,tsummerlie8z@hud.gov,Male
325,Dennis,Dagnall,ddagnall90@studiopress.com,Male
326,Johnette,Symers,jsymers91@jimdo.com,Non-binary
327,Maximilien,Colliber,mcolliber92@shinystat.com,Male
328,Charmine,Extill,cextill93@google.com.au,Female
329,Austen,Briscow,abriscow94@bbc.co.uk,Male
330,Silvana,Extence,sextence95@quantcast.com,Genderqueer
331,Alikee,Du Plantier,aduplantier96@smugmug.com,Female
332,Ilyse,Cosham,icosham97@usatoday.com,Genderqueer
333,Burt,Shieber,bshieber98@themeforest.net,Male
334,Maddalena,Padbery,mpadbery99@flickr.com,Female
335,Herschel,Woollcott,hwoollcott9a@soundcloud.com,Male
336,Giustino,Colquit,gcolquit9b@networksolutions.com,Genderqueer
337,Napoleon,Rickman,nrickman9c@last.fm,Male
338,Granger,Reymers,greymers9d@goo.gl,Male
339,Nikki,Killcross,nkillcross9e@vk.com,Male
340,Janeva,Tales,jtales9f@twitpic.com,Female
341,Yorgo,Levinge,ylevinge9g@guardian.co.uk,Male
342,Codi,Ealles,cealles9h@gmpg.org,Male
343,Helena,Cullinan,hcullinan9i@businesswire.com,Female
344,Todd,Brownhill,tbrownhill9j@webmd.com,Male
345,Caspar,Purcell,cpurcell9k@cnbc.com,Male
346,Rosalinde,Howey,rhowey9l@1688.com,Female
347,Judon,Sandell,jsandell9m@shop-pro.jp,Male
348,Janka,Manion,jmanion9n@so-net.ne.jp,Female
349,Gaelan,Methley,gmethley9o@simplemachines.org,Male
350,Alfi,Rosenkranc,arosenkranc9p@storify.com,Female
351,Gerrie,Cohr,gcohr9q@bloomberg.com,Female
352,Hobart,Isoldi,hisoldi9r@diigo.com,Male
353,Clement,Stevens,cstevens9s@va.gov,Male
354,Bing,Plumptre,bplumptre9t@nytimes.com,Male
355,Ringo,Castiglione,rcastiglione9u@mozilla.com,Male
356,Jermaine,Peedell,jpeedell9v@wsj.com,Female
357,Kile,Spencook,kspencook9w@skyrock.com,Male
358,Florentia,Chicco,fchicco9x@fda.gov,Female
359,Hailee,Hurley,hhurley9y@google.co.uk,Female
360,Sanders,Gascard,sgascard9z@fema.gov,Male
361,Anthony,Colquit,acolquita0@cbslocal.com,Male
362,Weston,Sibbe,wsibbea1@marriott.com,Male
363,Gabi,Stacy,gstacya2@ftc.gov,Female
364,Lela,Zupone,lzuponea3@webnode.com,Female
365,Bidget,McCaughan,bmccaughana4@shinystat.com,Female
366,Deanna,Chase,dchasea5@fema.gov,Female
367,Quint,Luther,qluthera6@vinaora.com,Male
368,Camel,Lockhurst,clockhursta7@artisteer.com,Agender
369,Tiff,Gate,tgatea8@exblog.jp,Female
370,Thor,Latour,tlatoura9@moonfruit.com,Male
371,Koo,Winkworth,kwinkworthaa@usda.gov,Female
372,Tammy,Perrinchief,tperrinchiefab@parallels.com,Female
373,Rolando,Ouchterlony,rouchterlonyac@un.org,Male
374,Marlin,Golt,mgoltad@webeden.co.uk,Male
375,Katusha,MacCome,kmaccomeae@sciencedirect.com,Female
376,Kale,Svanetti,ksvanettiaf@vinaora.com,Male
377,Arturo,Reely,areelyag@jigsy.com,Male
378,Colleen,Downham,cdownhamah@epa.gov,Genderfluid
379,Sebastian,Copyn,scopynai@list-manage.com,Male
380,Arlan,Beetles,abeetlesaj@yellowbook.com,Male
381,Carolann,Foster,cfosterak@boston.com,Female
382,Zorina,Vandrill,zvandrillal@huffingtonpost.com,Agender
383,Pembroke,Murtagh,pmurtagham@nytimes.com,Male
384,Ingra,Konrad,ikonradan@pbs.org,Male
385,Kevan,Charnick,kcharnickao@apache.org,Genderfluid
386,Richmond,Dillingston,rdillingstonap@hostgator.com,Male
387,Darcee,Capeloff,dcapeloffaq@exblog.jp,Female
388,Fleur,Cridlin,fcridlinar@yolasite.com,Female
389,Jobina,Adlard,jadlardas@google.es,Female
390,Evyn,Rannigan,eranniganat@dailymotion.com,Male
391,Giffer,Vel,gvelau@mozilla.com,Male
392,Bendick,Lambin,blambinav@xing.com,Male
393,Erwin,Forsdike,eforsdikeaw@flickr.com,Male
394,Kimberlee,Toombes,ktoombesax@harvard.edu,Female
395,Yoshi,Bloxsome,ybloxsomeay@google.ru,Female
396,Candace,Hammett,chammettaz@dailymail.co.uk,Female
397,Stephannie,Zisneros,szisnerosb0@statcounter.com,Female
398,Maxine,Doreward,mdorewardb1@cbslocal.com,Female
399,Paloma,Mitcheson,pmitchesonb2@prweb.com,Female
400,Alie,Stolte,astolteb3@archive.org,Female
401,Torin,Foyle,tfoyleb4@yandex.ru,Male
402,Barnaby,Pieter,bpieterb5@loc.gov,Male
403,Erik,McGahern,emcgahernb6@state.tx.us,Male
404,Waite,MacMenemy,wmacmenemyb7@uiuc.edu,Male
405,Minetta,Gilks,mgilksb8@nbcnews.com,Female
406,Libbie,Lindegard,llindegardb9@illinois.edu,Non-binary
407,Willamina,Orable,worableba@huffingtonpost.com,Female
408,Ali,Beaver,abeaverbb@hhs.gov,Female
409,Emlen,Pochet,epochetbc@harvard.edu,Genderfluid
410,Maxine,Bulward,mbulwardbd@mail.ru,Female
411,Kandace,Anton,kantonbe@ox.ac.uk,Female
412,Loreen,Elks,lelksbf@cnet.com,Female
413,Alfons,MacGeaney,amacgeaneybg@linkedin.com,Male
414,Dorene,Hards,dhardsbh@wunderground.com,Female
415,Hannis,Marchelli,hmarchellibi@google.ru,Female
416,Hilarius,Mcimmie,hmcimmiebj@discovery.com,Male
417,Jacquetta,Bucky,jbuckybk@utexas.edu,Genderqueer
418,Casey,Jiroutek,cjiroutekbl@twitter.com,Male
419,Reube,Dibling,rdiblingbm@devhub.com,Male
420,Bee,Lake,blakebn@google.fr,Female
421,Britney,Spelling,bspellingbo@discuz.net,Non-binary
422,Gabriel,Totton,gtottonbp@edublogs.org,Female
423,Charmion,Kobisch,ckobischbq@microsoft.com,Female
424,Schuyler,Espinel,sespinelbr@theglobeandmail.com,Male
425,Kassi,Ricca,kriccabs@tinyurl.com,Genderfluid
426,Holly,Anthona,hanthonabt@answers.com,Female
427,Maryrose,Seint,mseintbu@washington.edu,Female
428,Normy,Vondra,nvondrabv@hubpages.com,Male
429,Aluino,Duffie,aduffiebw@ihg.com,Male
430,Rahel,Mohamed,rmohamedbx@mtv.com,Female
431,Hill,Rohlf,hrohlfby@github.com,Polygender
432,Merrilee,Donat,mdonatbz@berkeley.edu,Female
433,Petronia,Chance,pchancec0@usa.gov,Female
434,Kristopher,Ruppertz,kruppertzc1@upenn.edu,Male
435,Dilan,Salmoni,dsalmonic2@discuz.net,Male
436,Celine,Rochford,crochfordc3@is.gd,Female
437,Elizabet,Bysshe,ebysshec4@cargocollective.com,Female
438,Tamra,Lamb-shine,tlambshinec5@nps.gov,Female
439,Hobey,Brien,hbrienc6@infoseek.co.jp,Male
440,Verena,Champkin,vchampkinc7@comsenz.com,Female
441,Demetre,Boatswain,dboatswainc8@earthlink.net,Male
442,Kane,Gunby,kgunbyc9@123-reg.co.uk,Male
443,Salome,Cathersides,scathersidesca@ovh.net,Female
444,Verney,Bellward,vbellwardcb@quantcast.com,Male
445,Hewie,Sturch,hsturchcc@miitbeian.gov.cn,Male
446,Ody,Keener,okeenercd@timesonline.co.uk,Male
447,Vally,Wyley,vwyleyce@deviantart.com,Female
448,Devonne,Rubinfeld,drubinfeldcf@blog.com,Female
449,Kaiser,Shortell,kshortellcg@jimdo.com,Male
450,Llywellyn,Doumerc,ldoumercch@liveinternet.ru,Non-binary
451,Isa,Goodright,igoodrightci@google.de,Male
452,Mona,Chese,mchesecj@aboutads.info,Female
453,Filberto,Kelner,fkelnerck@hc360.com,Male
454,Eadmund,Lamberth,elamberthcl@yandex.ru,Male
455,Worden,Fruser,wfrusercm@canalblog.com,Male
456,Randell,Buckler,rbucklercn@dagondesign.com,Male
457,Misty,Dunston,mdunstonco@cargocollective.com,Female
458,Floria,Ffoulkes,fffoulkescp@over-blog.com,Female
459,Lucretia,Cosslett,lcosslettcq@xing.com,Female
460,Hanni,O'Cosgra,hocosgracr@indiatimes.com,Female
461,Ronni,Dufer,rdufercs@usa.gov,Female
462,Car,Glaves,cglavesct@goodreads.com,Male
463,Farlay,Worsell,fworsellcu@goo.ne.jp,Male
464,Milly,Sheerin,msheerincv@google.co.jp,Female
465,Brand,Bladen,bbladencw@ebay.com,Male
466,Milly,Raspin,mraspincx@state.tx.us,Female
467,Elvera,Aguirrezabala,eaguirrezabalacy@histats.com,Polygender
468,Twila,Ventham,tventhamcz@state.gov,Female
469,Bernard,Slamaker,bslamakerd0@ocn.ne.jp,Male
470,Bernhard,Olsen,bolsend1@spiegel.de,Male
471,Brena,Cheak,bcheakd2@tripod.com,Female
472,Zachery,Dinjes,zdinjesd3@4shared.com,Male
473,Becka,Splevin,bsplevind4@networksolutions.com,Female
474,Joshua,Geraldo,jgeraldod5@symantec.com,Male
475,Whitman,Poulsom,wpoulsomd6@bbb.org,Male
476,Loise,Reedick,lreedickd7@jalbum.net,Female
477,Dorothea,Boyington,dboyingtond8@businessweek.com,Genderfluid
478,Bjorn,Lavarack,blavarackd9@last.fm,Male
479,Nat,Stihl,nstihlda@nyu.edu,Female
480,Debby,Ivins,divinsdb@thetimes.co.uk,Female
481,Nerti,Eastup,neastupdc@ftc.gov,Female
482,Lillian,Dicty,ldictydd@oakley.com,Polygender
483,Colan,Campo,ccampode@ucoz.com,Male
484,Larisa,Mogra,lmogradf@newsvine.com,Female
485,Gasper,Fochs,gfochsdg@ustream.tv,Male
486,Marcellus,Heddon,mheddondh@netscape.com,Male
487,Berrie,Addey,baddeydi@vkontakte.ru,Non-binary
488,L;urette,Malec,lmalecdj@buzzfeed.com,Female
489,Tucker,Lawlee,tlawleedk@twitter.com,Male
490,Barry,McMichael,bmcmichaeldl@netvibes.com,Female
491,Mikol,Gyngyll,mgyngylldm@people.com.cn,Male
492,Wilburt,Jodlkowski,wjodlkowskidn@princeton.edu,Male
493,Denyse,Darker,ddarkerdo@is.gd,Female
494,Scott,Vernon,svernondp@baidu.com,Male
495,Chevalier,Frith,cfrithdq@imgur.com,Polygender
496,Ash,Gilyatt,agilyattdr@opensource.org,Male
497,Eddy,Crush,ecrushds@deliciousdays.com,Female
498,Merry,Klulik,mklulikdt@blogtalkradio.com,Genderqueer
499,Rosaline,Hause,rhausedu@vinaora.com,Female
500,Geno,Macbane,gmacbanedv@constantcontact.com,Male
501,Imelda,Sautter,isautterdw@ameblo.jp,Female
502,Percival,Ivanets,pivanetsdx@yellowpages.com,Male
503,Robinette,Paolacci,rpaolaccidy@behance.net,Female
504,Ulrica,Tremayne,utremaynedz@weibo.com,Female
505,Halsy,Swalwell,hswalwelle0@people.com.cn,Male
506,Correy,Honeyghan,choneyghane1@tripod.com,Female
507,Lyndell,Spencook,lspencooke2@google.co.uk,Female
508,Enriqueta,Learmount,elearmounte3@pcworld.com,Female
509,Jerald,Pindred,jpindrede4@cpanel.net,Male
510,Wilmer,Pretsell,wpretselle5@ed.gov,Male
511,Bernardina,Laughrey,blaughreye6@irs.gov,Non-binary
512,Anny,Kerton,akertone7@netvibes.com,Female
513,Britney,Fenby,bfenbye8@multiply.com,Female
514,Angel,Archbald,aarchbalde9@over-blog.com,Bigender
515,Frants,Paybody,fpaybodyea@businesswire.com,Male
516,Corinna,Glancey,cglanceyeb@harvard.edu,Female
517,Dulci,Huke,dhukeec@vkontakte.ru,Female
518,Chrysa,Conahy,cconahyed@theatlantic.com,Female
519,Worthy,Wallworth,wwallworthee@imdb.com,Male
520,Denise,Stitle,dstitleef@godaddy.com,Female
521,Claribel,Vlasyuk,cvlasyukeg@upenn.edu,Female
522,Verna,Janjic,vjanjiceh@unicef.org,Female
523,Siusan,Theobald,stheobaldei@storify.com,Non-binary
524,Abran,Raye,arayeej@baidu.com,Male
525,Bonnie,Bukac,bbukacek@about.com,Female
526,August,Brandassi,abrandassiel@linkedin.com,Male
527,Roxanne,Stading,rstadingem@springer.com,Female
528,Guenna,Reynoollds,greynoolldsen@tinypic.com,Female
529,Hortense,Batcheldor,hbatcheldoreo@chicagotribune.com,Female
530,Melisandra,Sawbridge,msawbridgeep@cnet.com,Female
531,Linn,Hofler,lhoflereq@tmall.com,Male
532,Phillipp,Searjeant,psearjeanter@tuttocitta.it,Male
533,Thia,Matterface,tmatterfacees@walmart.com,Female
534,Benedict,Beetham,bbeethamet@harvard.edu,Male
535,Selene,Menloe,smenloeeu@ow.ly,Female
536,Remy,Lyford,rlyfordev@cloudflare.com,Female
537,Amii,Conerding,aconerdingew@studiopress.com,Female
538,Templeton,Eggleson,tegglesonex@wikimedia.org,Male
539,Dallas,Saxton,dsaxtoney@whitehouse.gov,Male
540,Gael,Eacott,geacottez@yelp.com,Female
541,Sampson,Lenihan,slenihanf0@meetup.com,Male
542,Hewitt,De Filippis,hdefilippisf1@google.co.jp,Male
543,Moishe,Redhouse,mredhousef2@washington.edu,Agender
544,Corby,Winwright,cwinwrightf3@xrea.com,Male
545,Lida,Hinksen,lhinksenf4@mozilla.com,Female
546,Tarrah,Capner,tcapnerf5@tiny.cc,Female
547,Kalli,Risbrough,krisbroughf6@huffingtonpost.com,Female
548,Tasha,Fanshawe,tfanshawef7@mashable.com,Female
549,Zorah,Marzello,zmarzellof8@tuttocitta.it,Female
550,Starlene,Dansey,sdanseyf9@wired.com,Female
551,Adamo,Collinwood,acollinwoodfa@slashdot.org,Male
552,Lusa,Paterno,lpaternofb@disqus.com,Female
553,Cyrille,Kyngdon,ckyngdonfc@infoseek.co.jp,Male
554,De witt,Bulleyn,dbulleynfd@nps.gov,Male
555,Teriann,Drust,tdrustfe@mediafire.com,Female
556,Lyman,Halshaw,lhalshawff@mozilla.org,Male
557,Launce,Brownlie,lbrownliefg@mysql.com,Male
558,Jarrett,Gillian,jgillianfh@hibu.com,Male
559,Reynard,Rolph,rrolphfi@ovh.net,Bigender
560,Tonia,McClenaghan,tmcclenaghanfj@pen.io,Female
561,Syman,Larciere,slarcierefk@instagram.com,Male
562,Rheba,Ferras,rferrasfl@mapy.cz,Female
563,Jarad,Hubbucks,jhubbucksfm@livejournal.com,Male
564,Coraline,Girardez,cgirardezfn@narod.ru,Female
565,Nance,Doody,ndoodyfo@wufoo.com,Female
566,Simonette,Tottie,stottiefp@spotify.com,Female
567,Rochell,Roughey,rrougheyfq@slashdot.org,Female
568,Essa,Beharrell,ebeharrellfr@admin.ch,Female
569,Shelia,Beckhouse,sbeckhousefs@soup.io,Female
570,Katina,Besnard,kbesnardft@storify.com,Genderqueer
571,Tanny,Mullinder,tmullinderfu@rambler.ru,Male
572,Joanie,Gieves,jgievesfv@cbc.ca,Genderqueer
573,Barth,Franz-Schoninger,bfranzschoningerfw@slashdot.org,Male
574,Liam,Kewish,lkewishfx@smugmug.com,Male
575,Adrian,Seyler,aseylerfy@storify.com,Male
576,Gage,Sute,gsutefz@unc.edu,Male
577,Guinna,Sowthcote,gsowthcoteg0@flavors.me,Female
578,Ajay,Thrussell,athrussellg1@telegraph.co.uk,Female
579,Ginnifer,Challicombe,gchallicombeg2@vistaprint.com,Female
580,Court,Britnell,cbritnellg3@google.com,Male
581,Miguel,Willcot,mwillcotg4@myspace.com,Male
582,Isadora,Wardington,iwardingtong5@upenn.edu,Female
583,Catriona,Oxtiby,coxtibyg6@hatena.ne.jp,Non-binary
584,Bailie,Wormald,bwormaldg7@goo.ne.jp,Male
585,Jacky,Renne,jrenneg8@unblog.fr,Non-binary
586,Petey,McKinstry,pmckinstryg9@example.com,Male
587,Marven,Normanvell,mnormanvellga@scientificamerican.com,Male
588,Alfie,Ends,aendsgb@nyu.edu,Male
589,Vince,Lortzing,vlortzinggc@a8.net,Male
590,Celia,Weeds,cweedsgd@sitemeter.com,Female
591,Aarika,Leipoldt,aleipoldtge@fc2.com,Female
592,Blake,Corse,bcorsegf@prnewswire.com,Non-binary
593,Yettie,Welford,ywelfordgg@blogtalkradio.com,Female
594,Consalve,Beddoes,cbeddoesgh@forbes.com,Male
595,Karlotte,Barrow,kbarrowgi@chicagotribune.com,Female
596,Alwin,De Bernardi,adebernardigj@netvibes.com,Male
597,Thayne,Fussie,tfussiegk@cbc.ca,Male
598,Bartel,Shackell,bshackellgl@comcast.net,Male
599,Conroy,Fairebrother,cfairebrothergm@stanford.edu,Male
600,Lindsy,Esp,lespgn@domainmarket.com,Genderfluid
601,Curt,Dinneen,cdinneengo@ucla.edu,Male
602,Wald,Stych,wstychgp@yelp.com,Male
603,Stoddard,Watsam,swatsamgq@google.com.au,Female
604,Anton,Glencross,aglencrossgr@symantec.com,Male
605,Fawnia,Hinsche,fhinschegs@blog.com,Female
606,Bethena,Tschiersch,btschierschgt@thetimes.co.uk,Female
607,Pincus,Burnyeat,pburnyeatgu@baidu.com,Male
608,Gaspard,Cosins,gcosinsgv@posterous.com,Male
609,Bobinette,Gilbeart,bgilbeartgw@google.ca,Genderfluid
610,Lissie,Beiderbecke,lbeiderbeckegx@ted.com,Female
611,Barnebas,Merry,bmerrygy@taobao.com,Male
612,Lonnie,Willacot,lwillacotgz@cbslocal.com,Male
613,Florinda,Choake,fchoakeh0@sfgate.com,Female
614,Jan,Staniland,jstanilandh1@sciencedirect.com,Female
615,Roanna,Daunter,rdaunterh2@bluehost.com,Female
616,Arleta,Tortoise,atortoiseh3@state.gov,Female
617,Anetta,MacKay,amackayh4@skype.com,Female
618,Lori,Jilkes,ljilkesh5@theglobeandmail.com,Bigender
619,Emilio,Kobpac,ekobpach6@ezinearticles.com,Male
620,Darleen,Axelbey,daxelbeyh7@theguardian.com,Female
621,Melodee,Crosland,mcroslandh8@businessweek.com,Female
622,Ammamaria,Sicely,asicelyh9@huffingtonpost.com,Female
623,Casie,Bohje,cbohjeha@com.com,Female
624,Ximenes,Hayes,xhayeshb@businessinsider.com,Male
625,Gayle,Kelemen,gkelemenhc@cargocollective.com,Bigender
626,Arlene,Stubbert,astubberthd@comsenz.com,Female
627,Chancey,Compson,ccompsonhe@trellian.com,Male
628,Nan,Beinisch,nbeinischhf@ezinearticles.com,Female
629,Carena,Elcoux,celcouxhg@domainmarket.com,Bigender
630,Bernardine,Disbury,bdisburyhh@sina.com.cn,Female
631,Correy,Sproson,csprosonhi@howstuffworks.com,Female
632,Tawnya,Osbaldeston,tosbaldestonhj@indiegogo.com,Female
633,Mira,Hadkins,mhadkinshk@admin.ch,Female
634,Raymond,Corkel,rcorkelhl@wikimedia.org,Male
635,Valentino,Twiddle,vtwiddlehm@scientificamerican.com,Male
636,Kala,Guarnier,kguarnierhn@smugmug.com,Female
637,Arlena,Yoselevitch,ayoselevitchho@last.fm,Female
638,Gearard,Widdecombe,gwiddecombehp@bbb.org,Male
639,Adina,Trayhorn,atrayhornhq@uiuc.edu,Female
640,Dorie,Symonds,dsymondshr@dmoz.org,Male
641,Bernard,Mallya,bmallyahs@a8.net,Male
642,Cari,Twigley,ctwigleyht@nasa.gov,Female
643,Veronike,Feyer,vfeyerhu@bizjournals.com,Female
644,Lexy,Sidary,lsidaryhv@dell.com,Non-binary
645,Thurstan,Pechacek,tpechacekhw@si.edu,Male
646,Allis,Osborne,aosbornehx@nhs.uk,Female
647,Dewitt,Girardetti,dgirardettihy@ustream.tv,Male
648,Toni,Buglar,tbuglarhz@about.com,Female
649,Melvyn,Klosges,mklosgesi0@mozilla.com,Genderfluid
650,Cilka,Rignoldes,crignoldesi1@scribd.com,Female
651,Samuele,Robbert,srobberti2@163.com,Male
652,Marabel,Pride,mpridei3@surveymonkey.com,Female
653,Valry,Cammoile,vcammoilei4@joomla.org,Female
654,Dionne,Di Matteo,ddimatteoi5@amazon.com,Female
655,Dyna,Kyles,dkylesi6@about.com,Female
656,Carmelita,Kennion,ckennioni7@friendfeed.com,Female
657,Brett,Ege,begei8@msu.edu,Male
658,Frasquito,Benedicte,fbenedictei9@altervista.org,Male
659,Cristiano,Rosenqvist,crosenqvistia@mit.edu,Male
660,Yancey,Dederick,ydederickib@abc.net.au,Male
661,Uriel,Cescoti,ucescotiic@earthlink.net,Male
662,Ruperto,Leisman,rleismanid@businessweek.com,Male
663,Electra,Evett,eevettie@theatlantic.com,Female
664,Alfred,Eaton,aeatonif@cornell.edu,Male
665,Stefan,Dowson,sdowsonig@census.gov,Male
666,Nevins,Beri,nberiih@eepurl.com,Male
667,Gregoire,Maier,gmaierii@arizona.edu,Genderfluid
668,Jobie,Dranfield,jdranfieldij@stumbleupon.com,Female
669,Bayard,Doyle,bdoyleik@google.nl,Male
670,Cammy,Heare,cheareil@bandcamp.com,Male
671,Lief,Bruff,lbruffim@vistaprint.com,Male
672,Sarah,Wagen,swagenin@wikispaces.com,Female
673,Orsola,Konneke,okonnekeio@hibu.com,Female
674,Abran,Pedgrift,apedgriftip@cyberchimps.com,Male
675,Kayne,Hincham,khinchamiq@diigo.com,Male
676,Levi,Gower,lgowerir@biblegateway.com,Male
677,Lezley,Grimshaw,lgrimshawis@furl.net,Male
678,Web,Menure,wmenureit@dailymail.co.uk,Male
679,Bronnie,Havis,bhavisiu@berkeley.edu,Male
680,Stevana,Lukianov,slukianoviv@dropbox.com,Female
681,Rakel,Cannaway,rcannawayiw@princeton.edu,Female
682,Cherish,Engelmann,cengelmannix@comcast.net,Agender
683,Pennie,Bosket,pbosketiy@constantcontact.com,Female
684,Prudence,Peperell,ppeperelliz@so-net.ne.jp,Female
685,Reinald,Yakovich,ryakovichj0@amazonaws.com,Male
686,Devonna,Bixley,dbixleyj1@spiegel.de,Female
687,Pearle,Panas,ppanasj2@upenn.edu,Female
688,Mattie,Klimmek,mklimmekj3@accuweather.com,Female
689,Richard,Dick,rdickj4@ezinearticles.com,Male
690,Irina,Skim,iskimj5@fema.gov,Female
691,Sandie,Verdon,sverdonj6@prweb.com,Female
692,Boyce,Iannello,biannelloj7@omniture.com,Male
693,Walden,Danforth,wdanforthj8@columbia.edu,Male
694,Robenia,Simson,rsimsonj9@amazon.co.jp,Female
695,Jaquenetta,Szymanowski,jszymanowskija@smugmug.com,Female
696,Rolph,Brentnall,rbrentnalljb@people.com.cn,Male
697,Leonore,Readshall,lreadshalljc@163.com,Female
698,Jenelle,Yakolev,jyakolevjd@histats.com,Non-binary
699,Hewe,Pappi,hpappije@tripod.com,Male
700,Berry,Mitchelmore,bmitchelmorejf@adobe.com,Non-binary
701,Clarke,Antoney,cantoneyjg@rambler.ru,Male
702,Tamma,Machan,tmachanjh@hao123.com,Female
703,Aurlie,Parnby,aparnbyji@sfgate.com,Female
704,Joane,Balazin,jbalazinjj@google.ca,Female
705,Andree,Ogger,aoggerjk@mayoclinic.com,Female
706,Ronica,Collip,rcollipjl@tamu.edu,Female
707,Ellyn,Spreadbury,espreadburyjm@addthis.com,Female
708,Concettina,Vecard,cvecardjn@hao123.com,Female
709,Judas,Conduit,jconduitjo@icio.us,Male
710,Gail,Feyer,gfeyerjp@comcast.net,Male
711,Darice,Morit,dmoritjq@infoseek.co.jp,Female
712,Kitti,Comoletti,kcomolettijr@hostgator.com,Female
713,Mylo,Passe,mpassejs@e-recht24.de,Bigender
714,Winslow,Latta,wlattajt@dell.com,Male
715,Robbyn,McKeowon,rmckeowonju@ucoz.com,Female
716,Modesty,Brashier,mbrashierjv@dagondesign.com,Female
717,Jay,Flecknoe,jflecknoejw@blogger.com,Male
718,Stefa,Mateiko,smateikojx@wikia.com,Female
719,Eugenie,Cheeney,echeeneyjy@oracle.com,Female
720,Godfry,Goldup,ggoldupjz@wix.com,Male
721,Bertha,Marrow,bmarrowk0@cnn.com,Female
722,Antoine,McAlpine,amcalpinek1@fc2.com,Male
723,Cara,Acutt,cacuttk2@vkontakte.ru,Female
724,Olav,Nigh,onighk3@uol.com.br,Male
725,Lusa,Paradise,lparadisek4@t-online.de,Agender
726,Allie,Ovens,aovensk5@unblog.fr,Bigender
727,Vivianne,Dark,vdarkk6@aol.com,Female
728,Ettore,Jaggers,ejaggersk7@nhs.uk,Male
729,Ulrikaumeko,Scorey,uscoreyk8@cnbc.com,Female
730,Katine,Rosellini,krosellinik9@wsj.com,Female
731,Malchy,Ballam,mballamka@bloglines.com,Male
732,Dasi,Lovejoy,dlovejoykb@skyrock.com,Female
733,Margit,Dimberline,mdimberlinekc@washingtonpost.com,Female
734,Pearline,Klimschak,pklimschakkd@nps.gov,Genderfluid
735,Mabelle,Stambridge,mstambridgeke@phpbb.com,Non-binary
736,Bernete,Largen,blargenkf@miitbeian.gov.cn,Female
737,Dominga,Fortin,dfortinkg@paginegialle.it,Female
738,Emilee,Ranken,erankenkh@cnbc.com,Female
739,Garreth,Barnsdale,gbarnsdaleki@tmall.com,Male
740,Arel,Swepstone,aswepstonekj@tiny.cc,Male
741,Stevana,Mibourne,smibournekk@pbs.org,Female
742,Wait,Ballefant,wballefantkl@typepad.com,Male
743,Kelli,Campanelle,kcampanellekm@irs.gov,Female
744,Eula,Shah,eshahkn@ft.com,Female
745,Murdock,Shillitoe,mshillitoeko@harvard.edu,Male
746,Washington,Card,wcardkp@ucla.edu,Male
747,Gerladina,Roseblade,grosebladekq@irs.gov,Female
748,Al,Ashurst,aashurstkr@eventbrite.com,Male
749,Harriette,Girkins,hgirkinsks@unblog.fr,Female
750,Marje,Meiningen,mmeiningenkt@exblog.jp,Female
751,Alfredo,Spurritt,aspurrittku@narod.ru,Male
752,Greer,Arno,garnokv@behance.net,Female
753,Emelen,Lanchbury,elanchburykw@themeforest.net,Male
754,Alford,Tuft,atuftkx@bandcamp.com,Male
755,Jonah,Crowcher,jcrowcherky@xing.com,Male
756,Ernestus,Wardington,ewardingtonkz@etsy.com,Male
757,Adeline,Nolli,anollil0@adobe.com,Bigender
758,Estele,Phython,ephythonl1@nbcnews.com,Female
759,Briggs,Lackney,blackneyl2@jimdo.com,Male
760,Glen,Anker,gankerl3@tiny.cc,Non-binary
761,Greg,Whittlesee,gwhittleseel4@stanford.edu,Male
762,Arlette,Cready,acreadyl5@netlog.com,Female
763,Allan,Warbrick,awarbrickl6@weebly.com,Male
764,Kendrick,Andric,kandricl7@ucla.edu,Male
765,Kerry,Caldicot,kcaldicotl8@cnbc.com,Male
766,Kyle,Hubach,khubachl9@booking.com,Female
767,Ogdan,Nunnerley,onunnerleyla@eepurl.com,Male
768,Dillie,Cordet,dcordetlb@mac.com,Male
769,Fredrika,Eslinger,feslingerlc@fema.gov,Female
770,Hubert,Eeles,heelesld@ucoz.com,Male
771,Camella,Mawditt,cmawdittle@mit.edu,Female
772,Allene,O' Hogan,aohoganlf@nymag.com,Female
773,Cordie,Kobisch,ckobischlg@blinklist.com,Female
774,Ethelred,Mattaser,emattaserlh@reddit.com,Male
775,Zerk,Frogley,zfrogleyli@rakuten.co.jp,Male
776,Averyl,Spoor,aspoorlj@hhs.gov,Female
777,Xylia,Vaskin,xvaskinlk@example.com,Female
778,Analiese,O'Towey,aotoweyll@parallels.com,Female
779,Cirilo,Kenningham,ckenninghamlm@sphinn.com,Male
780,Raf,Rabbitt,rrabbittln@npr.org,Female
781,Alonso,Shurville,ashurvillelo@cisco.com,Male
782,Doyle,Letcher,dletcherlp@plala.or.jp,Male
783,Estella,Beves,ebeveslq@sfgate.com,Female
784,Tani,Angove,tangovelr@who.int,Female
785,Baudoin,Lynett,blynettls@xing.com,Male
786,Gayler,Talmadge,gtalmadgelt@bandcamp.com,Male
787,Glendon,Waszczykowski,gwaszczykowskilu@gizmodo.com,Male
788,Silvan,Boerderman,sboerdermanlv@columbia.edu,Male
789,Esther,Newvell,enewvelllw@ameblo.jp,Female
790,Salvatore,Galbraeth,sgalbraethlx@blinklist.com,Male
791,Viole,Blewis,vblewisly@ted.com,Female
792,Horatia,Edgar,hedgarlz@state.tx.us,Female
793,Ferdinand,Gollop,fgollopm0@sun.com,Non-binary
794,Lynnelle,Queree,lquereem1@slate.com,Female
795,Cindie,Greenin,cgreeninm2@comcast.net,Female
796,Gilburt,Semaine,gsemainem3@tinyurl.com,Male
797,Marillin,Nystrom,mnystromm4@bbb.org,Female
798,Nelli,Milsted,nmilstedm5@dropbox.com,Female
799,Bobbie,Capini,bcapinim6@slashdot.org,Female
800,Niccolo,Arstall,narstallm7@washington.edu,Male
801,Tony,Foort,tfoortm8@cnbc.com,Male
802,Bartlett,McCrum,bmccrumm9@chicagotribune.com,Male
803,Clarence,Drissell,cdrissellma@dot.gov,Male
804,Nedda,Millins,nmillinsmb@webeden.co.uk,Female
805,Starlin,Winspire,swinspiremc@studiopress.com,Female
806,Alano,Coit,acoitmd@so-net.ne.jp,Male
807,Gustave,Naismith,gnaismithme@china.com.cn,Male
808,Addie,Gahan,agahanmf@webmd.com,Female
809,Nikola,Degoix,ndegoixmg@xing.com,Non-binary
810,Dannel,Ebbs,debbsmh@technorati.com,Male
811,Lynnet,Botly,lbotlymi@businessinsider.com,Female
812,Jacqui,Craigmyle,jcraigmylemj@flickr.com,Female
813,Katina,Wraggs,kwraggsmk@hubpages.com,Female
814,Vanni,Danzelman,vdanzelmanml@technorati.com,Bigender
815,Vaughn,Kochs,vkochsmm@google.nl,Male
816,Ilaire,Colliar,icolliarmn@indiatimes.com,Male
817,Horst,Lishmund,hlishmundmo@wiley.com,Male
818,Vaughan,Beat,vbeatmp@g.co,Male
819,Alene,Vest,avestmq@msu.edu,Female
820,Adella,Erickssen,aerickssenmr@pcworld.com,Female
821,Clayson,Clatworthy,cclatworthyms@studiopress.com,Male
822,Michal,Saddington,msaddingtonmt@digg.com,Male
823,Abrahan,Over,aovermu@altervista.org,Male
824,Zena,Dunphy,zdunphymv@ted.com,Female
825,Chance,Carson,ccarsonmw@yelp.com,Male
826,Carlynn,Keoghan,ckeoghanmx@naver.com,Female
827,Robbert,Perrelle,rperrellemy@bloomberg.com,Male
828,Nikolaos,Godly,ngodlymz@behance.net,Male
829,Nady,Bruniges,nbrunigesn0@w3.org,Female
830,Peirce,Moakes,pmoakesn1@behance.net,Male
831,Maximilian,McLaren,mmclarenn2@spotify.com,Male
832,Cherise,Giacoppo,cgiacoppon3@cdbaby.com,Female
833,Christine,Bayles,cbaylesn4@friendfeed.com,Female
834,Netti,Nuttall,nnuttalln5@ftc.gov,Female
835,Tanny,Lugard,tlugardn6@foxnews.com,Male
836,Del,Jimes,djimesn7@rediff.com,Male
837,Benn,Kaming,bkamingn8@opensource.org,Male
838,Selma,Dickins,sdickinsn9@hugedomains.com,Female
839,Jaye,Brezlaw,jbrezlawna@clickbank.net,Male
840,Maryjo,Frostdick,mfrostdicknb@behance.net,Bigender
841,Merci,Wadman,mwadmannc@facebook.com,Genderfluid
842,Moreen,Ridley,mridleynd@google.com.au,Agender
843,Clarance,Kenvin,ckenvinne@blinklist.com,Male
844,Tobit,Dredge,tdredgenf@scientificamerican.com,Male
845,Abra,Avrahamian,aavrahamianng@discuz.net,Female
846,Clemence,Giaomozzo,cgiaomozzonh@reddit.com,Female
847,Carolyn,Hunnam,chunnamni@cnet.com,Female
848,Alejoa,Clifton,acliftonnj@google.pl,Male
849,Carmon,Carolan,ccarolannk@shinystat.com,Female
850,Missie,Emerton,memertonnl@youtube.com,Female
851,Dew,Mingotti,dmingottinm@ucoz.com,Male
852,Dory,Edgerly,dedgerlynn@moonfruit.com,Male
853,Jacqueline,Russ,jrussno@pinterest.com,Female
854,Daveta,Kenewel,dkenewelnp@fda.gov,Female
855,Lee,Stitch,lstitchnq@wordpress.org,Female
856,Lotty,Aspinell,laspinellnr@squidoo.com,Female
857,Chandler,Whitefoot,cwhitefootns@furl.net,Male
858,Glenn,Stares,gstaresnt@miitbeian.gov.cn,Female
859,Susy,Prettjohn,sprettjohnnu@edublogs.org,Female
860,Bill,Sara,bsaranv@oakley.com,Female
861,Agneta,Jurgen,ajurgennw@nbcnews.com,Female
862,Carry,Stanbro,cstanbronx@nytimes.com,Non-binary
863,Mozes,Oblein,mobleinny@is.gd,Male
864,Boone,Sarll,bsarllnz@rakuten.co.jp,Male
865,Marijo,Mollon,mmollono0@aboutads.info,Female
866,Selena,Flaws,sflawso1@fema.gov,Female
867,Royce,Derrett,rderretto2@angelfire.com,Male
868,Crystal,Brockington,cbrockingtono3@msu.edu,Genderqueer
869,Huey,Brownjohn,hbrownjohno4@is.gd,Male
870,Nadean,Gainsbury,ngainsburyo5@wiley.com,Female
871,Colas,Sweatland,csweatlando6@google.com.br,Male
872,Grove,Uwins,guwinso7@rediff.com,Male
873,Rosaline,Shere,rshereo8@ow.ly,Female
874,Byran,Parkman,bparkmano9@howstuffworks.com,Male
875,Adriana,Stebbins,astebbinsoa@purevolume.com,Female
876,Theo,Atley,tatleyob@delicious.com,Male
877,Guglielma,Carvill,gcarvilloc@ca.gov,Female
878,Everard,Ivanuschka,eivanuschkaod@bbc.co.uk,Male
879,Jesse,Guilloud,jguilloudoe@csmonitor.com,Non-binary
880,Yelena,Kusick,ykusickof@homestead.com,Female
881,Janine,Brawson,jbrawsonog@slideshare.net,Female
882,Alma,Braghini,abraghinioh@techcrunch.com,Female
883,Nate,Stanford,nstanfordoi@cyberchimps.com,Male
884,Frederik,Cambling,fcamblingoj@google.ru,Male
885,Jedediah,Thrush,jthrushok@qq.com,Male
886,Vivie,Delacote,vdelacoteol@exblog.jp,Female
887,Jacquelin,Manvelle,jmanvelleom@google.com.au,Female
888,Hinze,Adamou,hadamouon@webnode.com,Male
889,Corby,Hounsham,chounshamoo@fema.gov,Male
890,Matty,Fairweather,mfairweatherop@weather.com,Male
891,Lyndsey,Bayless,lbaylessoq@zdnet.com,Female
892,Umberto,Narey,unareyor@ning.com,Male
893,Florenza,Walczak,fwalczakos@blogspot.com,Female
894,Emmanuel,Curnnokk,ecurnnokkot@exblog.jp,Male
895,Rockwell,Hilland,rhillandou@ask.com,Male
896,Alberta,Grahamslaw,agrahamslawov@wp.com,Female
897,Tammi,Grimme,tgrimmeow@pbs.org,Female
898,Christophe,Royce,croyceox@cargocollective.com,Male
899,Chicky,Abbis,cabbisoy@foxnews.com,Male
900,Bernadene,Probets,bprobetsoz@sun.com,Female
901,Carce,Lanbertoni,clanbertonip0@pcworld.com,Polygender
902,Evey,Neate,eneatep1@state.gov,Female
903,Berty,Staines,bstainesp2@livejournal.com,Male
904,Kikelia,Minchi,kminchip3@cpanel.net,Female
905,Glennie,Casolla,gcasollap4@oracle.com,Female
906,Mariya,Wilce,mwilcep5@eepurl.com,Bigender
907,Reggy,Pybus,rpybusp6@marriott.com,Male
908,Kamila,McRill,kmcrillp7@google.it,Genderqueer
909,Demetri,Pates,dpatesp8@bloglines.com,Male
910,Base,Menco,bmencop9@apache.org,Male
911,Brittany,Paragreen,bparagreenpa@about.com,Female
912,Andrej,Odd,aoddpb@yellowpages.com,Bigender
913,Thacher,Spiby,tspibypc@purevolume.com,Male
914,Lulu,Llewhellin,lllewhellinpd@nih.gov,Female
915,Silvio,Kearns,skearnspe@scribd.com,Male
916,Fran,Filimore,ffilimorepf@cornell.edu,Female
917,Grant,Syne,gsynepg@webnode.com,Male
918,Ewart,Duckwith,educkwithph@geocities.com,Male
919,Broddy,Lissandre,blissandrepi@amazon.com,Male
920,Moselle,Jaan,mjaanpj@twitter.com,Female
921,Alayne,Vecard,avecardpk@usgs.gov,Genderfluid
922,Dinnie,Cains,dcainspl@dailymail.co.uk,Female
923,Bent,Goad,bgoadpm@bloomberg.com,Male
924,Virgina,Chaston,vchastonpn@intel.com,Female
925,Bryn,Cuddehay,bcuddehaypo@wordpress.org,Male
926,Debi,Raynor,draynorpp@independent.co.uk,Non-binary
927,Brandi,Sextie,bsextiepq@state.gov,Female
928,Artemas,Groomebridge,agroomebridgepr@sciencedaily.com,Male
929,Geralda,Matley,gmatleyps@discuz.net,Female
930,Rick,Doeg,rdoegpt@state.gov,Male
931,Tirrell,Shavel,tshavelpu@usnews.com,Male
932,Clarisse,Stein,csteinpv@sohu.com,Female
933,Yves,Willatt,ywillattpw@g.co,Male
934,Jolyn,Gissop,jgissoppx@storify.com,Female
935,Tiffy,Bartoshevich,tbartoshevichpy@usda.gov,Female
936,Nessa,Davidovics,ndavidovicspz@cdc.gov,Female
937,Desi,Lesper,dlesperq0@nymag.com,Male
938,Donnajean,Goudman,dgoudmanq1@goo.gl,Female
939,Isa,Critoph,icritophq2@java.com,Male
940,Rene,Qualtrough,rqualtroughq3@desdev.cn,Male
941,Issy,Klimentov,iklimentovq4@livejournal.com,Female
942,Abeu,Glaze,aglazeq5@simplemachines.org,Male
943,Zacharie,Ducham,zduchamq6@github.io,Male
944,Eduardo,Elliker,eellikerq7@ebay.com,Male
945,Marco,Cuolahan,mcuolahanq8@shop-pro.jp,Male
946,Sophie,Beeden,sbeedenq9@unicef.org,Female
947,Darrick,Vedenichev,dvedenichevqa@addtoany.com,Male
948,Lisha,Trees,ltreesqb@prweb.com,Female
949,Neall,Farnon,nfarnonqc@theguardian.com,Male
950,Myrtia,Kelsall,mkelsallqd@nydailynews.com,Female
951,Willis,Hunnicutt,whunnicuttqe@phpbb.com,Male
952,Jermaine,Abbis,jabbisqf@sphinn.com,Male
953,Jenny,Sheldrake,jsheldrakeqg@kickstarter.com,Female
954,Alena,Aitken,aaitkenqh@nyu.edu,Female
955,Codi,Braunfeld,cbraunfeldqi@blogs.com,Female
956,Baudoin,Maving,bmavingqj@yelp.com,Male
957,Caspar,Porkiss,cporkissqk@creativecommons.org,Male
958,Brucie,Dana,bdanaql@webeden.co.uk,Male
959,Nicol,Staniford,nstanifordqm@g.co,Male
960,Nata,Cockson,ncocksonqn@g.co,Female
961,Penny,Prettejohns,pprettejohnsqo@yahoo.com,Female
962,Lyn,Beauchop,lbeauchopqp@ed.gov,Female
963,Larina,Pote,lpoteqq@ow.ly,Female
964,Esmaria,Cater,ecaterqr@wordpress.org,Female
965,Elbert,Birth,ebirthqs@weibo.com,Male
966,Alvis,Younghusband,ayounghusbandqt@usda.gov,Male
967,Chandra,Stothert,cstothertqu@elegantthemes.com,Female
968,Munmro,Pavia,mpaviaqv@so-net.ne.jp,Male
969,Lyn,England,lenglandqw@china.com.cn,Female
970,Kara,Yaknov,kyaknovqx@aol.com,Female
971,Francois,Legging,fleggingqy@privacy.gov.au,Male
972,Rosamond,Toffalo,rtoffaloqz@cpanel.net,Genderqueer
973,Nefen,Irvine,nirviner0@oracle.com,Non-binary
974,Lauritz,Weeks,lweeksr1@ihg.com,Male
975,Broddie,Ingham,binghamr2@xinhuanet.com,Male
976,Abbi,Sibbering,asibberingr3@hexun.com,Female
977,Joana,Cuer,jcuerr4@com.com,Polygender
978,Rollins,Cudby,rcudbyr5@blogger.com,Male
979,Hilton,Stratz,hstratzr6@printfriendly.com,Male
980,Meade,MacCardle,mmaccardler7@ameblo.jp,Bigender
981,Polly,Tirrey,ptirreyr8@upenn.edu,Female
982,Inga,Staniforth,istaniforthr9@reference.com,Female
983,Aigneis,Stollberger,astollbergerra@nba.com,Female
984,Charlotte,Scutchings,cscutchingsrb@marriott.com,Female
985,Janela,Tripean,jtripeanrc@exblog.jp,Bigender
986,Billye,Duesbury,bduesburyrd@scientificamerican.com,Female
987,Dorri,Weathers,dweathersre@adobe.com,Female
988,Arri,Courtliff,acourtliffrf@berkeley.edu,Male
989,Marco,Atwel,matwelrg@mlb.com,Male
990,Hi,Brach,hbrachrh@histats.com,Male
991,Cornelius,Jewer,cjewerri@123-reg.co.uk,Male
992,Kasper,Redolfi,kredolfirj@google.com.au,Male
993,Mariquilla,Gallacher,mgallacherrk@photobucket.com,Female
994,Cecelia,Shevlane,cshevlanerl@noaa.gov,Female
995,Torey,Daudray,tdaudrayrm@soup.io,Male
996,Hannie,Truter,htruterrn@sciencedaily.com,Female
997,Carrol,Kohlert,ckohlertro@blogtalkradio.com,Male
998,Alberto,Trounce,atrouncerp@go.com,Genderqueer
999,Susannah,Tevelov,stevelovrq@examiner.com,Female
1000,Thomasine,Livett,tlivettrr@360.cn,Female
